<!-- 
 Copyright (c) 2009 Shawn Singh, Mubbasir Kapadia, Petros Faloutsos, Glenn Reinman
 See license.txt for complete license.
  -->
<SteerBenchTestCase xmlns="http://www.magix.ucla.edu/steerbench"
		xmlns:xsi="http://www.w3.org/2001/XMLSchema-instance"
		xsi:schemaLocation="http://www.magix.ucla.edu/steerbench
				TestCaseSchema.xsd"><header>
	<version>1.0</version>
	<name>data//0/testCases/scenario1183</name>
	<worldBounds>
		<xmin>-100.000000</xmin>
		<xmax>-200.000000</xmax>
		<ymin>0.000000</ymin>
		<ymax>0.000000</ymax>
		<zmin>-100.000000</zmin>
		<zmax>-200.000000</zmax>
	</worldBounds>
</header>
	<obstacle>
		<xmin>-7.000000</xmin>
		<xmax>-5.600000</xmax>
		<ymin>0.000000</ymin>
		<ymax>0.250000</ymax>
		<zmin>-1.400000</zmin>
		<zmax>-0.000000</zmax>
	</obstacle>
	<obstacle>
		<xmin>-5.600000</xmin>
		<xmax>-4.200000</xmax>
		<ymin>0.000000</ymin>
		<ymax>0.250000</ymax>
		<zmin>-5.600000</zmin>
		<zmax>-4.200000</zmax>
	</obstacle>
	<obstacle>
		<xmin>-5.600000</xmin>
		<xmax>-4.200000</xmax>
		<ymin>0.000000</ymin>
		<ymax>0.250000</ymax>
		<zmin>-4.200000</zmin>
		<zmax>-2.800000</zmax>
	</obstacle>
	<obstacle>
		<xmin>-5.600000</xmin>
		<xmax>-4.200000</xmax>
		<ymin>0.000000</ymin>
		<ymax>0.250000</ymax>
		<zmin>-1.400000</zmin>
		<zmax>-0.000000</zmax>
	</obstacle>
	<obstacle>
		<xmin>-5.600000</xmin>
		<xmax>-4.200000</xmax>
		<ymin>0.000000</ymin>
		<ymax>0.250000</ymax>
		<zmin>-0.000000</zmin>
		<zmax>1.400000</zmax>
	</obstacle>
	<obstacle>
		<xmin>-4.200000</xmin>
		<xmax>-2.800000</xmax>
		<ymin>0.000000</ymin>
		<ymax>0.250000</ymax>
		<zmin>-4.200000</zmin>
		<zmax>-2.800000</zmax>
	</obstacle>
	<obstacle>
		<xmin>-4.200000</xmin>
		<xmax>-2.800000</xmax>
		<ymin>0.000000</ymin>
		<ymax>0.250000</ymax>
		<zmin>5.600000</zmin>
		<zmax>7.000000</zmax>
	</obstacle>
	<obstacle>
		<xmin>-2.800000</xmin>
		<xmax>-1.400000</xmax>
		<ymin>0.000000</ymin>
		<ymax>0.250000</ymax>
		<zmin>-7.000000</zmin>
		<zmax>-5.600000</zmax>
	</obstacle>
	<obstacle>
		<xmin>-2.800000</xmin>
		<xmax>-1.400000</xmax>
		<ymin>0.000000</ymin>
		<ymax>0.250000</ymax>
		<zmin>2.800000</zmin>
		<zmax>4.200000</zmax>
	</obstacle>
	<obstacle>
		<xmin>1.400000</xmin>
		<xmax>2.800000</xmax>
		<ymin>0.000000</ymin>
		<ymax>0.250000</ymax>
		<zmin>1.400000</zmin>
		<zmax>2.800000</zmax>
	</obstacle>
	<obstacle>
		<xmin>4.200000</xmin>
		<xmax>5.600000</xmax>
		<ymin>0.000000</ymin>
		<ymax>0.250000</ymax>
		<zmin>5.600000</zmin>
		<zmax>7.000000</zmax>
	</obstacle>
	<obstacle>
		<xmin>5.600000</xmin>
		<xmax>7.000000</xmax>
		<ymin>0.000000</ymin>
		<ymax>0.250000</ymax>
		<zmin>-2.800000</zmin>
		<zmax>-1.400000</zmax>
	</obstacle>
	<obstacle>
		<xmin>5.600000</xmin>
		<xmax>7.000000</xmax>
		<ymin>0.000000</ymin>
		<ymax>0.250000</ymax>
		<zmin>1.400000</zmin>
		<zmax>2.800000</zmax>
	</obstacle>
	<obstacle>
		<xmin>5.600000</xmin>
		<xmax>7.000000</xmax>
		<ymin>0.000000</ymin>
		<ymax>0.250000</ymax>
		<zmin>5.600000</zmin>
		<zmax>7.000000</zmax>
	</obstacle>
	<agent>
	<name>agent0</name>
<initialConditions>
		<radius>0.500000</radius>
		<position> <x>0.000000</x> <y>0.000000</y> <z>0.000000</z> </position>
		<direction> <x>-0.749911</x> <y>0.000000</y> <z>-0.661538</z> </direction>
		<speed>0.000000</speed>
	</initialConditions>
	<goalSequence>
		<seekStaticTarget>
			<targetLocation> <x>-8.000000</x> <y>0.000000</y> <z>8.000000</z> </targetLocation>
			<desiredSpeed>1.330000</desiredSpeed>
			<timeDuration>0.000000</timeDuration>
			<targetDirection> <x>0.000000</x> <y>0.000000</y> <z>0.000000</z> </targetDirection>
			<flowType></flowType>
			<random>false</random>
		</seekStaticTarget>
	</goalSequence>
</agent>
	<agent>
	<name>agent1</name>
<initialConditions>
		<radius>0.500000</radius>
		<position> <x>0.754031</x> <y>0.000000</y> <z>5.543812</z> </position>
		<direction> <x>-0.561283</x> <y>0.000000</y> <z>-0.827624</z> </direction>
		<speed>0.000000</speed>
	</initialConditions>
	<goalSequence>
		<seekStaticTarget>
			<targetLocation> <x>-8.000000</x> <y>0.000000</y> <z>0.000000</z> </targetLocation>
			<desiredSpeed>1.330000</desiredSpeed>
			<timeDuration>0.000000</timeDuration>
			<targetDirection> <x>0.000000</x> <y>0.000000</y> <z>0.000000</z> </targetDirection>
			<flowType></flowType>
			<random>false</random>
		</seekStaticTarget>
	</goalSequence>
</agent>
	<agent>
	<name>agent2</name>
<initialConditions>
		<radius>0.500000</radius>
		<position> <x>-1.461146</x> <y>0.000000</y> <z>-0.567158</z> </position>
		<direction> <x>0.864668</x> <y>0.000000</y> <z>-0.502344</z> </direction>
		<speed>0.000000</speed>
	</initialConditions>
	<goalSequence>
		<seekStaticTarget>
			<targetLocation> <x>8.000000</x> <y>0.000000</y> <z>8.000000</z> </targetLocation>
			<desiredSpeed>1.330000</desiredSpeed>
			<timeDuration>0.000000</timeDuration>
			<targetDirection> <x>0.000000</x> <y>0.000000</y> <z>0.000000</z> </targetDirection>
			<flowType></flowType>
			<random>false</random>
		</seekStaticTarget>
	</goalSequence>
</agent>
	<agent>
	<name>agent3</name>
<initialConditions>
		<radius>0.500000</radius>
		<position> <x>-0.618114</x> <y>0.000000</y> <z>1.397963</z> </position>
		<direction> <x>0.063241</x> <y>0.000000</y> <z>0.997998</z> </direction>
		<speed>0.000000</speed>
	</initialConditions>
	<goalSequence>
		<seekStaticTarget>
			<targetLocation> <x>-8.000000</x> <y>0.000000</y> <z>-8.000000</z> </targetLocation>
			<desiredSpeed>1.330000</desiredSpeed>
			<timeDuration>0.000000</timeDuration>
			<targetDirection> <x>0.000000</x> <y>0.000000</y> <z>0.000000</z> </targetDirection>
			<flowType></flowType>
			<random>false</random>
		</seekStaticTarget>
	</goalSequence>
</agent>
	<agent>
	<name>agent4</name>
<initialConditions>
		<radius>0.500000</radius>
		<position> <x>0.596128</x> <y>0.000000</y> <z>3.022903</z> </position>
		<direction> <x>0.500949</x> <y>0.000000</y> <z>0.865477</z> </direction>
		<speed>0.000000</speed>
	</initialConditions>
	<goalSequence>
		<seekStaticTarget>
			<targetLocation> <x>-8.000000</x> <y>0.000000</y> <z>-8.000000</z> </targetLocation>
			<desiredSpeed>1.330000</desiredSpeed>
			<timeDuration>0.000000</timeDuration>
			<targetDirection> <x>0.000000</x> <y>0.000000</y> <z>0.000000</z> </targetDirection>
			<flowType></flowType>
			<random>false</random>
		</seekStaticTarget>
	</goalSequence>
</agent>
</SteerBenchTestCase>
